2018,4to TRIMESTRE,INFORMACION CONTABLE,C:\xampp\htdocs\Transparencia\,CONAC\2018\4to Trimestre\Informaci쪑 Financiera Gubernamental y Cuenta P락lica\INFORMACIN CONTABLE\,1.16 Notas a los Estados Financieros.pdf
2018,4to TRIMESTRE,INFORMACION CONTABLE,C:\xampp\htdocs\Transparencia\,CONAC\2018\4to Trimestre\Informaci쪑 Financiera Gubernamental y Cuenta P락lica\INFORMACIN CONTABLE\,Estado anal셦ico de deuda y otros pasivos.pdf
2018,4to TRIMESTRE,INFORMACION CONTABLE,C:\xampp\htdocs\Transparencia\,CONAC\2018\4to Trimestre\Informaci쪑 Financiera Gubernamental y Cuenta P락lica\INFORMACIN CONTABLE\,Estado anal셦ico del activo.pdf
2018,4to TRIMESTRE,INFORMACION CONTABLE,C:\xampp\htdocs\Transparencia\,CONAC\2018\4to Trimestre\Informaci쪑 Financiera Gubernamental y Cuenta P락lica\INFORMACIN CONTABLE\,Estado de Actividades.pdf
2018,4to TRIMESTRE,INFORMACION CONTABLE,C:\xampp\htdocs\Transparencia\,CONAC\2018\4to Trimestre\Informaci쪑 Financiera Gubernamental y Cuenta P락lica\INFORMACIN CONTABLE\,Estado de cambios en la situaci쪑 financiera.pdf
2018,4to TRIMESTRE,INFORMACION CONTABLE,C:\xampp\htdocs\Transparencia\,CONAC\2018\4to Trimestre\Informaci쪑 Financiera Gubernamental y Cuenta P락lica\INFORMACIN CONTABLE\,Estado de Flujo de Efectivo.pdf
2018,4to TRIMESTRE,INFORMACION CONTABLE,C:\xampp\htdocs\Transparencia\,CONAC\2018\4to Trimestre\Informaci쪑 Financiera Gubernamental y Cuenta P락lica\INFORMACIN CONTABLE\,Estado de Situacion Financiera.pdf
2018,4to TRIMESTRE,INFORMACION CONTABLE,C:\xampp\htdocs\Transparencia\,CONAC\2018\4to Trimestre\Informaci쪑 Financiera Gubernamental y Cuenta P락lica\INFORMACIN CONTABLE\,Estado de Varicacion en la hacienda publica.pdf
2018,4to TRIMESTRE,INFORMACION CONTABLE,C:\xampp\htdocs\Transparencia\,CONAC\2018\4to Trimestre\Informaci쪑 Financiera Gubernamental y Cuenta P락lica\INFORMACIN CONTABLE\,Informe sobre Pasivos Contingentes.pdf
2018,4to TRIMESTRE,INFORMACION CONTABLE,C:\xampp\htdocs\Transparencia\,CONAC\2018\4to Trimestre\Informaci쪑 Financiera Gubernamental y Cuenta P락lica\INFORMACIN CONTABLE\,lista_archivos_ruta.txt
