2022,CUENTA PUBLICA,CUENTA PUBLICA,C:\xampp\htdocs\Transparencia\,CONAC\2022\Cuenta Publica\,0.- ACUSE OFICIO CUENTA PUBLICA 2022.pdf
2022,CUENTA PUBLICA,CUENTA PUBLICA,C:\xampp\htdocs\Transparencia\,CONAC\2022\Cuenta Publica\,10.- ESTADO ANALITICO DE LA DEUDA Y OTROS PASIVOS.pdf
2022,CUENTA PUBLICA,CUENTA PUBLICA,C:\xampp\htdocs\Transparencia\,CONAC\2022\Cuenta Publica\,11. ESTADO ANALITICO DE EGRESOS CLASIFICACION ADMINISTRATIVA.pdf
2022,CUENTA PUBLICA,CUENTA PUBLICA,C:\xampp\htdocs\Transparencia\,CONAC\2022\Cuenta Publica\,12. ESTADO ANALITICO DE EGRESOS CLASIFICACION ECONOMICA.pdf
2022,CUENTA PUBLICA,CUENTA PUBLICA,C:\xampp\htdocs\Transparencia\,CONAC\2022\Cuenta Publica\,13. ESTADO ANALITICO DE EGRESOS CLASIFICACION OBJETO DEL GASTO.pdf
2022,CUENTA PUBLICA,CUENTA PUBLICA,C:\xampp\htdocs\Transparencia\,CONAC\2022\Cuenta Publica\,14. ESTADO ANALITICO DE EGRESOS CLASIFICACION FUNCIONAL.pdf
2022,CUENTA PUBLICA,CUENTA PUBLICA,C:\xampp\htdocs\Transparencia\,CONAC\2022\Cuenta Publica\,15. ENDEUDAMIENTO NETO.pdf
2022,CUENTA PUBLICA,CUENTA PUBLICA,C:\xampp\htdocs\Transparencia\,CONAC\2022\Cuenta Publica\,16. INTERESES DE LA DEUDA.pdf
2022,CUENTA PUBLICA,CUENTA PUBLICA,C:\xampp\htdocs\Transparencia\,CONAC\2022\Cuenta Publica\,17. INVENTARIO DE BIENES MUEBLES 2021.pdf
2022,CUENTA PUBLICA,CUENTA PUBLICA,C:\xampp\htdocs\Transparencia\,CONAC\2022\Cuenta Publica\,18. INVENTARIO DE BIENES INMUEBLES 2021.pdf
