2022,1T,CONTABLE,C:\xampp\htdocs\Transparencia\,CONAC\2022\1T\contable\,6.-Notas a los Estados Financieros.pdf
2022,1T,CONTABLE,C:\xampp\htdocs\Transparencia\,CONAC\2022\1T\contable\,8.-Estado Anal­tico de Deuda y Otros Pasivos.pdf
2022,1T,CONTABLE,C:\xampp\htdocs\Transparencia\,CONAC\2022\1T\contable\,EDO ACT 032022.pdf
2022,1T,CONTABLE,C:\xampp\htdocs\Transparencia\,CONAC\2022\1T\contable\,EDO ANA ACT 032022.pdf
2022,1T,CONTABLE,C:\xampp\htdocs\Transparencia\,CONAC\2022\1T\contable\,EDO ANA DEU Y OTR PAS 032022.pdf
2022,1T,CONTABLE,C:\xampp\htdocs\Transparencia\,CONAC\2022\1T\contable\,EDO CAM SIT FIN 032022.pdf
2022,1T,CONTABLE,C:\xampp\htdocs\Transparencia\,CONAC\2022\1T\contable\,EDO FLU EFE 032022.pdf
2022,1T,CONTABLE,C:\xampp\htdocs\Transparencia\,CONAC\2022\1T\contable\,EDO SIT FIN 032022.pdf
2022,1T,CONTABLE,C:\xampp\htdocs\Transparencia\,CONAC\2022\1T\contable\,EDO VAR HAC PUB 032022.pdf
2022,1T,CONTABLE,C:\xampp\htdocs\Transparencia\,CONAC\2022\1T\contable\,NOTAS EDO FIN 032022.pdf
