2022,CUENTA PUBLICA 2022,CUENTA PUBLICA 2022,C:\xampp\htdocs\Transparencia\,CONAC\2022\cuentapublica2022\,1.- ACUSE OFICIO CUENTA PUBLICA 2022.pdf
2022,CUENTA PUBLICA 2022,CUENTA PUBLICA 2022,C:\xampp\htdocs\Transparencia\,CONAC\2022\cuentapublica2022\,2.-estado analitico de ingresos.pdf
2022,CUENTA PUBLICA 2022,CUENTA PUBLICA 2022,C:\xampp\htdocs\Transparencia\,CONAC\2022\cuentapublica2022\,3.-estado analitico del activo.pdf
2022,CUENTA PUBLICA 2022,CUENTA PUBLICA 2022,C:\xampp\htdocs\Transparencia\,CONAC\2022\cuentapublica2022\,4.-estado analitico del ejercicio del presupuesto de egresos.pdf
2022,CUENTA PUBLICA 2022,CUENTA PUBLICA 2022,C:\xampp\htdocs\Transparencia\,CONAC\2022\cuentapublica2022\,5.-estado de actividades comparativo.pdf
2022,CUENTA PUBLICA 2022,CUENTA PUBLICA 2022,C:\xampp\htdocs\Transparencia\,CONAC\2022\cuentapublica2022\,6.-estado de cambios en la situacion financiera.pdf
2022,CUENTA PUBLICA 2022,CUENTA PUBLICA 2022,C:\xampp\htdocs\Transparencia\,CONAC\2022\cuentapublica2022\,7.-estado de flujos de efectivo.pdf
2022,CUENTA PUBLICA 2022,CUENTA PUBLICA 2022,C:\xampp\htdocs\Transparencia\,CONAC\2022\cuentapublica2022\,8.-estado de situacion financiera comparativo.pdf
2022,CUENTA PUBLICA 2022,CUENTA PUBLICA 2022,C:\xampp\htdocs\Transparencia\,CONAC\2022\cuentapublica2022\,9.-estado de variacion en la hacienda publica.pdf
2022,CUENTA PUBLICA 2022,CUENTA PUBLICA 2022,C:\xampp\htdocs\Transparencia\,CONAC\2022\cuentapublica2022\,10.-notas a los estados financieros.pdf
2022,CUENTA PUBLICA 2022,CUENTA PUBLICA 2022,C:\xampp\htdocs\Transparencia\,CONAC\2022\cuentapublica2022\,11.- estado analitico de la deuda y otros pasivos.pdf
2022,CUENTA PUBLICA 2022,CUENTA PUBLICA 2022,C:\xampp\htdocs\Transparencia\,CONAC\2022\cuentapublica2022\,12.-estado analitico de egresos clasificacion administrativa.pdf
2022,CUENTA PUBLICA 2022,CUENTA PUBLICA 2022,C:\xampp\htdocs\Transparencia\,CONAC\2022\cuentapublica2022\,13.- estado analitico de egresos clasificacion economica.pdf
2022,CUENTA PUBLICA 2022,CUENTA PUBLICA 2022,C:\xampp\htdocs\Transparencia\,CONAC\2022\cuentapublica2022\,14.- estado analitico de egresos clasificacion objeto del gasto.pdf
2022,CUENTA PUBLICA 2022,CUENTA PUBLICA 2022,C:\xampp\htdocs\Transparencia\,CONAC\2022\cuentapublica2022\,15.-estado analitico de egresos clasificacion funcional.pdf
2022,CUENTA PUBLICA 2022,CUENTA PUBLICA 2022,C:\xampp\htdocs\Transparencia\,CONAC\2022\cuentapublica2022\,16.-endeudamiento neto.pdf
2022,CUENTA PUBLICA 2022,CUENTA PUBLICA 2022,C:\xampp\htdocs\Transparencia\,CONAC\2022\cuentapublica2022\,17.-intereses de la deuda.pdf
2022,CUENTA PUBLICA 2022,CUENTA PUBLICA 2022,C:\xampp\htdocs\Transparencia\,CONAC\2022\cuentapublica2022\,18.-inventario de bienes muebles 2022.pdf
2022,CUENTA PUBLICA 2022,CUENTA PUBLICA 2022,C:\xampp\htdocs\Transparencia\,CONAC\2022\cuentapublica2022\,19.-inventario de bienes inmuebles 2022.pdf
