2021,CUENTA PUBLICA 2021,CUENTA PUBLICA 2021,C:\xampp\htdocs\Transparencia\,CONAC\2021\CUENTA PUBLICA 2021\,10.- ESTADO ANALITICO DE LA DEUDA Y OTROS PASIVOS.pdf
2021,CUENTA PUBLICA 2021,CUENTA PUBLICA 2021,C:\xampp\htdocs\Transparencia\,CONAC\2021\CUENTA PUBLICA 2021\,9.-NOTAS A LOS ESTADOS FINANCIEROS.pdf
2021,CUENTA PUBLICA 2021,CUENTA PUBLICA 2021,C:\xampp\htdocs\Transparencia\,CONAC\2021\CUENTA PUBLICA 2021\,Estado anal­tico de ingresos.pdf
2021,CUENTA PUBLICA 2021,CUENTA PUBLICA 2021,C:\xampp\htdocs\Transparencia\,CONAC\2021\CUENTA PUBLICA 2021\,Estado anal­tico del activo.pdf
2021,CUENTA PUBLICA 2021,CUENTA PUBLICA 2021,C:\xampp\htdocs\Transparencia\,CONAC\2021\CUENTA PUBLICA 2021\,Estado anal­tico del ejercicio del presupuesto de egresos.pdf
2021,CUENTA PUBLICA 2021,CUENTA PUBLICA 2021,C:\xampp\htdocs\Transparencia\,CONAC\2021\CUENTA PUBLICA 2021\,Estado de actividades comparativo.pdf
2021,CUENTA PUBLICA 2021,CUENTA PUBLICA 2021,C:\xampp\htdocs\Transparencia\,CONAC\2021\CUENTA PUBLICA 2021\,Estado de cambios en la situaci½n financiera.pdf
2021,CUENTA PUBLICA 2021,CUENTA PUBLICA 2021,C:\xampp\htdocs\Transparencia\,CONAC\2021\CUENTA PUBLICA 2021\,Estado de flujos de efectivo.pdf
2021,CUENTA PUBLICA 2021,CUENTA PUBLICA 2021,C:\xampp\htdocs\Transparencia\,CONAC\2021\CUENTA PUBLICA 2021\,Estado de situaci½n financiera comparativo.pdf
2021,CUENTA PUBLICA 2021,CUENTA PUBLICA 2021,C:\xampp\htdocs\Transparencia\,CONAC\2021\CUENTA PUBLICA 2021\,Estado de variaci½n en la hacienda publica.pdf
2021,CUENTA PUBLICA 2021,CUENTA PUBLICA 2021,C:\xampp\htdocs\Transparencia\,CONAC\2021\CUENTA PUBLICA 2021\,Notas a los estados financieros.pdf
